#,Company,Career Site Link,Exact Career Site Link
53,Bluecore,https://www.bluecore.com/careers/,https://www.bluecore.com/careers/
54,Bolt,https://www.bolt.com/careers#open-opportunities,https://www.bolt.com/careers#open-opportunities
55,Box,https://box.eightfold.ai/careers?region=North%20America&domain=box.com,https://box.eightfold.ai/careers?region=North%20America&domain=box.com
56,Boxed,https://wellfound.com/company/boxed,https://wellfound.com/company/boxed
57,Braze,https://www.braze.com/company/careers#openings,https://www.braze.com/company/careers#openings
59,Bright Machines,https://jobs.lever.co/brightmachines,https://jobs.lever.co/brightmachines
60,Brightcove,https://www.brightcove.com/en/company/careers/open-positions/,https://www.brightcove.com/en/company/careers/open-positions/
61,Bugcrowd,https://www.bugcrowd.com/about/careers/#openings,https://www.bugcrowd.com/about/careers/#openings
62,Built In,https://builtin.com/jobs,https://builtin.com/jobs
63,Butterfly Network,https://www.butterflynetwork.com/careers#open-roles,https://www.butterflynetwork.com/careers#open-roles
64,C3.ai,https://c3.ai/careers/,https://c3.ai/careers/
65,Calendly,https://careers.calendly.com/jobs?search=&category=&location=&page=1,https://careers.calendly.com/jobs?search=&category=&location=&page=1
66,Capsule,https://us-2.fountain.com/c/capsule,https://us-2.fountain.com/c/capsule
67,Carbon,https://boards.greenhouse.io/carbon,https://boards.greenhouse.io/carbon
68,CarGurus,https://careers.cargurus.com/job-search-results/,https://careers.cargurus.com/job-search-results/
69,Carta,https://boards.greenhouse.io/carta,https://boards.greenhouse.io/carta
70,CCC Intelligent Solutions,https://cccis.wd1.myworkdayjobs.com/broadbean_external,https://cccis.wd1.myworkdayjobs.com/broadbean_external
71,Cedar,https://www.cedar.com/open-roles/,https://www.cedar.com/open-roles/
72,Celonis,https://www.celonis.com/careers/jobs/#all-job-openings,https://www.celonis.com/careers/jobs/#all-job-openings
73,Ceridian,https://jobs.dayforcehcm.com/en-US/mydayforce/alljobs,https://jobs.dayforcehcm.com/en-US/mydayforce/alljobs
74,Chainalysis,https://www.chainalysis.com/careers/job-openings/,https://www.chainalysis.com/careers/job-openings/
75,ChargePoint,https://www.chargepoint.com/about/opportunities,https://www.chargepoint.com/about/opportunities
76,Checkr,https://checkr.com/company/careers/open-careers,https://checkr.com/company/careers/open-careers
77,Chime,https://careers.chime.com/en/,https://careers.chime.com/en/
78,CircleCI,https://circleci.com/careers/jobs/,https://circleci.com/careers/jobs/
79,Cisco,https://jobs.cisco.com/jobs/SearchJobs/?source=Cisco+Jobs+Career+Site&tags=CDC+Browse+all+jobs+careers,https://jobs.cisco.com/jobs/SearchJobs/?source=Cisco+Jobs+Career+Site&tags=CDC+Browse+all+jobs+careers
80,Cision,https://www.cision.com/careers/career-listing/,https://www.cision.com/careers/career-listing/
81,Cityblock Health,https://www.cityblock.com/careers#jobs,https://www.cityblock.com/careers#jobs
83,Clearcover,https://clearcover.com/careers/,https://clearcover.com/careers/
84,Clever,https://www.clever.com/job-listing?_gl=1*nm4qx9*_ga*MjQyNTk0MzEwLjE3MTc5NzE1MTE.*_ga_RKDHZLJBH6*MTcxNzk3MTUxMS4xLjAuMTcxNzk3MTUxMS4wLjAuMA..,https://www.clever.com/job-listing?_gl=1*nm4qx9*_ga*MjQyNTk0MzEwLjE3MTc5NzE1MTE.*_ga_RKDHZLJBH6*MTcxNzk3MTUxMS4xLjAuMTcxNzk3MTUxMS4wLjAuMA..
85,ClickUp,https://clickup.com/careers,https://clickup.com/careers
86,Clockwise,https://www.getclockwise.com/careers#jobs,https://www.getclockwise.com/careers#jobs
87,CloudBees,https://www.cloudbees.com/careers/job,https://www.cloudbees.com/careers/job
88,Cloudera,https://cloudera.wd5.myworkdayjobs.com/External_Career,https://cloudera.wd5.myworkdayjobs.com/External_Career
89,Cloudflare,https://www.cloudflare.com/careers/jobs/,https://www.cloudflare.com/careers/jobs/
90,Clumio,https://clumio.com/careers/job-openings/,https://clumio.com/careers/job-openings/
91,Cockroach Labs,https://www.cockroachlabs.com/careers/open-positions/,https://www.cockroachlabs.com/careers/open-positions/
92,Coda,https://boards.greenhouse.io/coda,https://boards.greenhouse.io/coda
94,Code42,https://www.code42.com/careers/#jobs,https://www.code42.com/careers/#jobs
96,Cohesity,https://careers.cohesity.com/open-positions/,https://careers.cohesity.com/open-positions/
97,Collibra,https://www.collibra.com/us/en/company/careers#find-jobs,https://www.collibra.com/us/en/company/careers#find-jobs
98,Color,https://www.color.com/careers,https://www.color.com/careers
99,Confluent,https://careers.confluent.io/search/jobs,https://careers.confluent.io/search/jobs
101,Contentful,https://www.contentful.com/careers/#openings,https://www.contentful.com/careers/#openings
103,Cornerstone OnDemand,https://cornerstone.csod.com/ux/ats/careersite/2/home?c=cornerstone,https://cornerstone.csod.com/ux/ats/careersite/2/home?c=cornerstone
104,Couchbase,https://www.couchbase.com/careers/#career,https://www.couchbase.com/careers/#career
105,Coupa,https://careers.coupa.com/#searchcareers,https://careers.coupa.com/#searchcareers
107,Coursera,https://careers.coursera.com/jobs/search,https://careers.coursera.com/jobs/search
109,CrowdStrike,https://crowdstrike.wd5.myworkdayjobs.com/crowdstrikecareers,https://crowdstrike.wd5.myworkdayjobs.com/crowdstrikecareers
110,Cvent,https://careers.cvent.com/jobs/categories,https://careers.cvent.com/jobs/categories
111,Cybereason,https://jobs.cybereason.com/,https://jobs.cybereason.com/
112,DailyPay,https://www.dailypay.com/jobs/,https://www.dailypay.com/jobs/
113,Databricks,https://www.databricks.com/company/careers/open-positions,https://www.databricks.com/company/careers/open-positions
114,Datadog,https://careers.datadoghq.com/all-jobs/,https://careers.datadoghq.com/all-jobs/
115,Dataiku,https://www.dataiku.com/careers/#open-positions,https://www.dataiku.com/careers/#open-positions
116,Dataminr,https://dataminr.wd12.myworkdayjobs.com/Dataminr,https://dataminr.wd12.myworkdayjobs.com/Dataminr
117,DataRobot,https://www.datarobot.com/careers/,https://www.datarobot.com/careers/
118,DataStax,https://www.datastax.com/company/careers#roles,https://www.datastax.com/company/careers#roles
119,Datto,https://www.kaseya.com/careers/jobs/miami/,https://www.kaseya.com/careers/jobs/miami/
120,Deepgram,https://jobs.ashbyhq.com/Deepgram/,https://jobs.ashbyhq.com/Deepgram/
121,Deezer,https://www.deezerjobs.com/en/jobs/,https://www.deezerjobs.com/en/jobs/
122,Demandbase,https://www.demandbase.com/about-us/careers/job-openings/,https://www.demandbase.com/about-us/careers/job-openings/
123,Density,https://www.density.io/careers#jobs-container,https://www.density.io/careers#jobs-container
124,Dialpad,https://boards.greenhouse.io/dialpad,https://boards.greenhouse.io/dialpad
125,DigitalOcean,https://www.digitalocean.com/careers#open-roles,https://www.digitalocean.com/careers#open-roles
126,Dispatch,https://jobs.lever.co/thedispatch/,https://jobs.lever.co/thedispatch/
127,Divvy,https://www.divvyhomes.com/careers,https://www.divvyhomes.com/careers
128,DocSend,https://jobs.dropbox.com/all-jobs,https://jobs.dropbox.com/all-jobs
129,DocuSign,https://careers.docusign.com/jobs,https://careers.docusign.com/jobs
130,Domo,https://www.domo.com/company/careers/all,https://www.domo.com/company/careers/all
131,Drift,https://www.drift.com/about/careers/#openings,https://www.drift.com/about/careers/#openings
134,Dropbox,https://jobs.dropbox.com/all-jobs,https://jobs.dropbox.com/all-jobs
135,Druva,https://www.druva.com/about/careers#job-search-area,https://www.druva.com/about/careers#job-search-area
137,Duo Security,https://jobs.cisco.com/jobs/SearchJobs/%22Duo%20Security%22,https://jobs.cisco.com/jobs/SearchJobs/%22Duo%20Security%22
138,Dynatrace,https://careers.dynatrace.com/jobs/,https://careers.dynatrace.com/jobs/
139,Earnin,https://www.earnin.com/careers#open-jobs,https://www.earnin.com/careers#open-jobs
141,Eightfold.ai,https://app.eightfold.ai/careers/search,https://app.eightfold.ai/careers/search
142,Elastic,https://jobs.elastic.co/jobs/department/engineering?#/,https://jobs.elastic.co/jobs/department/engineering?#/
145,Envoy,https://envoy.com/jobs#positions,https://envoy.com/jobs#positions
146,Epic Games,https://www.epicgames.com/site/en-US/careers/jobs,https://www.epicgames.com/site/en-US/careers/jobs
147,Epic Systems,https://careers.epic.com/Jobs,https://careers.epic.com/Jobs
148,Episerver,https://careers.optimizely.com/search/?createNewAlert=false&q=&locationsearch=&optionsFacetsDD_department=&optionsFacetsDD_country=,https://careers.optimizely.com/search/?createNewAlert=false&q=&locationsearch=&optionsFacetsDD_department=&optionsFacetsDD_country=
149,Ethos,https://boards.greenhouse.io/ethoslife,https://boards.greenhouse.io/ethoslife
150,Eventbrite,https://www.eventbritecareers.com/jobs/search,https://www.eventbritecareers.com/jobs/search
151,Everbridge,https://jobs.lever.co/everbridge,https://jobs.lever.co/everbridge
152,Everlaw,https://www.everlaw.com/careers/,https://www.everlaw.com/careers/
153,Evernote,https://jobs.bendingspoons.com/,https://jobs.bendingspoons.com/
154,Exabeam,https://boards.greenhouse.io/exabeam,https://boards.greenhouse.io/exabeam
155,Expel,https://expel.com/about/careers/#findrole,https://expel.com/about/careers/#findrole
157,Expensify,https://we.are.expensify.com/#workwithus,https://we.are.expensify.com/#workwithus
158,ExtraHop,https://hop.extrahop.com/company/careers/apply-now/,https://hop.extrahop.com/company/careers/apply-now/
159,F5 Networks,https://ffive.wd5.myworkdayjobs.com/f5jobs,https://ffive.wd5.myworkdayjobs.com/f5jobs
160,Faire,https://www.faire.com/careers/openings,https://www.faire.com/careers/openings
161,Faraday Future,https://www.ff.com/us/careers/,https://www.ff.com/us/careers/
162,Fastly,fastly.com/about/careers,https://www.fastly.com/about/careers/current-openings/
163,Figma,figma.com/careers,https://www.figma.com/careers/#job-openings
164,Finix,finix.com/careers,https://jobs.lever.co/finix
166,Fivetran,fivetran.com/careers,https://www.fivetran.com/careers#jobs
167,Flexport,flexport.com/careers,https://www.flexport.com/careers/jobs/
168,FloQast,floqast.com/careers,https://floqast.com/company/careers/#open-positions
171,Freshworks,freshworks.com/company/careers,https://careers.smartrecruiters.com/Freshworks
171,Front,frontapp.com/careers,https://front.com/jobs
173,FullStory,https://www.fullstory.com/careers/?&utm_campaign=GS-2024-Demo-Brand&utm_offer=demo&utm_source=google&utm_medium=paid-search&utm_term=full%20story&gad_source=1&gclid=Cj0KCQjwpZWzBhC0ARIsACvjWRPnnk72JmRG6GLQaALA58chyUXjlRPW60QO3eb6bh3w_PhkBs1v4QYaApahEALw_wcB,https://www.fullstory.com/careers/?&utm_campaign=GS-2024-Demo-Brand&utm_offer=demo&utm_source=google&utm_medium=paid-search&utm_term=full%20story&gad_source=1&gclid=Cj0KCQjwpZWzBhC0ARIsACvjWRPnnk72JmRG6GLQaALA58chyUXjlRPW60QO3eb6bh3w_PhkBs1v4QYaApahEALw_wcB
174,Gainsight,https://gainsight.wd5.myworkdayjobs.com/Gainsight_External_Careers,https://gainsight.wd5.myworkdayjobs.com/Gainsight_External_Careers
175,Gem,https://www.gem.com/company/careers,https://www.gem.com/company/careers
176,Gemini,https://www.gemini.com/careers,https://www.gemini.com/careers
177,Ginkgo Bioworks,ginkgobioworks.com/careers,
178,GitHub,https://www.github.careers/careers-home/jobs,https://www.github.careers/careers-home/jobs
179,GitLab,https://about.gitlab.com/jobs/all-jobs/,https://about.gitlab.com/jobs/all-jobs/
180,Glossier,https://life.glossier.com/,https://life.glossier.com/
181,Gong,https://boards.greenhouse.io/gongio,https://boards.greenhouse.io/gongio
182,Grafana Labs,https://grafana.com/about/careers/open-positions/,https://grafana.com/about/careers/open-positions/
183,Grammarly,https://www.grammarly.com/jobs/openings,https://www.grammarly.com/jobs/openings
186,Gusto,https://gusto.com/about/careers/join-the-team,https://gusto.com/about/careers/join-the-team
189,HackerOne,https://www.hackerone.com/careers,https://www.hackerone.com/careers
190,HackerRank,https://www.hackerrank.com/careers/,https://www.hackerrank.com/careers/
192,Harness,https://www.harness.io/company/jobs,https://www.harness.io/company/jobs
193,HashiCorp,https://www.hashicorp.com/careers/open-positions,https://www.hashicorp.com/careers/open-positions
194,Headspace,https://boards.greenhouse.io/hs?paths=join-us,https://boards.greenhouse.io/hs?paths=join-us
195,Contensquare,https://contentsquare.com/jobs/,https://contentsquare.com/jobs/
197,Heroku,https://www.heroku.com/careers#openings,https://www.heroku.com/careers#openings
198,Highspot,https://www.highspot.com/careers/#job-finder,https://www.highspot.com/careers/#job-finder
200,Hinge Health,https://jobs.lever.co/hingehealth,https://jobs.lever.co/hingehealth
202,Hippo Insurance,https://www.hippo.com/careers,https://www.hippo.com/careers
203,Hootsuite,https://careers.hootsuite.com/jobs/,https://careers.hootsuite.com/jobs/
205,Houzz,Houzz,https://jobs.lever.co/houzz
206,Hover,https://hover.to/careers/,https://hover.to/careers/
207,Bill,https://www.bill.com/about-us/jobs,https://www.bill.com/about-us/jobs
208,Monday,https://monday.com/careers,https://monday.com/careers
209,HubSpot,https://www.hubspot.com/careers/jobs?hubs_signup-url=www.hubspot.com%2Fcareers&hubs_signup-cta=careers-homepage-hero&page=1,https://www.hubspot.com/careers/jobs?hubs_signup-url=www.hubspot.com%2Fcareers&hubs_signup-cta=careers-homepage-hero&page=1
210,Human Interest,https://humaninterest.com/careers/#jobOpenings,https://humaninterest.com/careers/#jobOpenings
211,IBM,https://www.ibm.com/careers/search,https://www.ibm.com/careers/search
212,Ibotta,https://home.ibotta.com/work-with-us/careers/job-postings,https://home.ibotta.com/work-with-us/careers/job-postings
213,Illumina,https://illumina.wd1.myworkdayjobs.com/illumina-careers,https://illumina.wd1.myworkdayjobs.com/illumina-careers
214,Imperva,https://www.imperva.com/company/careers/#career-section,https://www.imperva.com/company/careers/#career-section
215,Imply,https://imply.io/careers/#join-us-today,https://imply.io/careers/#join-us-today
216,Inflection,https://inflection.ai/careers,https://inflection.ai/careers
217,Infor,https://careers.infor.com/en_US/careers,https://careers.infor.com/en_US/careers
219,Instabase,https://instabase.com/careers/,https://instabase.com/careers/
220,Instructure,https://www.instructure.com/about/careers#comparably,https://www.instructure.com/about/careers#comparably
221,Intercom,https://www.intercom.com/careers#jobs,https://www.intercom.com/careers#jobs
222,Intuit,https://jobs.intuit.com/search-jobs/,https://jobs.intuit.com/search-jobs/
225,Iron Mountain,https://ironmountain.jobs/jobs/?location=United+States,https://ironmountain.jobs/jobs/?location=United+States
226,Ironclad,https://ironcladapp.com/careers/,https://ironcladapp.com/careers/
227,Iterable,https://iterable.com/careers/,https://iterable.com/careers/
228,Ivanti,https://www.ivanti.com/company/careers/find,https://www.ivanti.com/company/careers/find
229,Jama Software,https://www.jamasoftware.com/company/careers/#careers,https://www.jamasoftware.com/company/careers/#careers
230,Jamf,https://www.jamf.com/about/careers/jobs/?,https://www.jamf.com/about/careers/jobs/?
232,JFrog,https://join.jfrog.com/positions/?gh_office=25866,https://join.jfrog.com/positions/?gh_office=25866
233,Jitterbit,https://www.jitterbit.com/careers/,https://www.jitterbit.com/careers/
235,Jumio,https://www.jumio.com/careers/job-listings/,https://www.jumio.com/careers/job-listings/
236,JumpCloud,Careers - JumpCloud,https://jumpcloud.com/careers
237,Juniper Networks,https://jobs.juniper.net/careers,https://jobs.juniper.net/careers
238,Kaltura,https://corp.kaltura.com/company/careers/,https://corp.kaltura.com/company/careers/
243,Khoros,https://khoros.com/about/careers/opportunities,https://khoros.com/about/careers/opportunities
244,Kinaxis,https://careers-kinaxis.icims.com/jobs/search?hashed=-625890713,https://careers-kinaxis.icims.com/jobs/search?hashed=-625890713
245,Kinsa Health,https://jobs.lever.co/kinsa,https://jobs.lever.co/kinsa
246,Kiva,https://www.careers.kiva.org/#JobSection,https://www.careers.kiva.org/#JobSection
247,Klaviyo,https://www.klaviyo.com/careers/search-jobs,https://www.klaviyo.com/careers/search-jobs
248,KnowBe4,https://www.knowbe4.com/careers/job-openings,https://www.knowbe4.com/careers/job-openings
249,Kong,https://jobs.lever.co/kong,https://jobs.lever.co/kong
251,Kustomer,https://www.kustomer.com/careers/#section-career-join,https://www.kustomer.com/careers/#section-career-join
252,Lacework,https://www.lacework.com/careers/job-openings,https://www.lacework.com/careers/job-openings
254,Latch,https://www.latch.com/pages/job-board,https://www.latch.com/pages/job-board
255,Lattice,https://lattice.com/careers#open-positions,https://lattice.com/careers#open-positions
256,LaunchDarkly,https://launchdarkly.com/careers/,https://launchdarkly.com/careers/
259,Lightspeed,https://www.lightspeedhq.com/careers/openings/?,https://www.lightspeedhq.com/careers/openings/?
261,Lilt,https://jobs.ashbyhq.com/lilt,https://jobs.ashbyhq.com/lilt
262,LivePerson,https://careers.liveperson.com/,https://careers.liveperson.com/
263,LiveRamp,https://liveramp.wd5.myworkdayjobs.com/LiveRampCareers,https://liveramp.wd5.myworkdayjobs.com/LiveRampCareers
264,LogicMonitor,https://www.logicmonitor.com/careers#jobsearch,https://www.logicmonitor.com/careers#jobsearch
266,Lookout,https://www.lookout.com/careers/jobs,https://www.lookout.com/careers/jobs
267,Lucid,https://lucidmotors.com/careers/search,https://lucidmotors.com/careers/search
268,Lucid,https://boards.greenhouse.io/lucidsoftware,https://boards.greenhouse.io/lucidsoftware
269,Luma Health,https://boards.greenhouse.io/lumahealth,https://boards.greenhouse.io/lumahealth
270,Lumen Technologies,https://jobs.lumen.com/global/en/corporate,https://jobs.lumen.com/global/en/corporate
271,Luminar Technologies,https://boards.greenhouse.io/luminar,https://boards.greenhouse.io/luminar
272,M-Files,https://apply.workable.com/m-files/?lng=en,https://apply.workable.com/m-files/?lng=en
273,Mailchimp,"https://jobs.intuit.com/search-jobs?orgIds=27595&acm=ALL&ascf=[%7B%22key%22:%22custom_fields.ChimpJob%22,%22value%22:%22Mailchimp%22%7D]","https://jobs.intuit.com/search-jobs?orgIds=27595&acm=ALL&ascf=[%7B%22key%22:%22custom_fields.ChimpJob%22,%22value%22:%22Mailchimp%22%7D]"
274,Malwarebytes,https://www.malwarebytes.com/jobs?p=jobs%2Fviewall&__jvst=Career+Site&nl=1,https://www.malwarebytes.com/jobs?p=jobs%2Fviewall&__jvst=Career+Site&nl=1
275,Mambu,https://careers-mambu.icims.com/jobs/intro?hashed=-625943632&mobile=false&width=1270&height=500&bga=true&needsRedirect=false&jan1offset=-300&jun1offset=-240,https://careers-mambu.icims.com/jobs/intro?hashed=-625943632&mobile=false&width=1270&height=500&bga=true&needsRedirect=false&jan1offset=-300&jun1offset=-240
276,Manifold,https://digital-intent.rippling-ats.com/,https://digital-intent.rippling-ats.com/